{
  "prompt_v1_scores": {
    "faithfulness": 0.8284285714285714,
    "answer_relevancy": 0.9258669459225033,
    "context_recall": 1.0,
    "context_precision": 0.9766666665768332
  },
  "prompt_v2_scores": {
    "faithfulness": 0.5621825396825397,
    "answer_relevancy": 0.8810138691405524,
    "context_recall": 1.0,
    "context_precision": NaN
  },
  "target_met": true
}